title,DOI,date,authors
Distance-dependent memory for pictures and words.,10.1016/j.jml.2019.01.001,01.04.19,"Amit, Elinor; 
Rim, SoYon; 
Halbeisen, Georg; 
Cohen Priva, Uriel; 
Stephan, Elena; 
Trope, Yaacov"
Survival of the fittest: Increased stimulus competition during encoding results in fewer but more robust memory traces.,10.3389/fpsyg.2019.00021,22.01.19,"Baumann, Oliver; 
Crawshaw, Eloise; 
McFadyen, Jessica"
Time-dependent forgetting in visual short-term memory.,10.1080/20445911.2020.1767627,01.06.20,"Mercer, Tom; 
Barker, Emma"
A colorful advantage in iconic memory.,10.1016/j.cognition.2019.02.009,01.06.19,"Gosavi, Radhika S.; 
Hubbard, Edward M."
Temporal span of human echoic memory and mismatch negativity: Revisited.,10.1097/00001756-199904260-00028,01.04.99,"Jääskeläiinen, Iiro P.; 
Hautamäki, Minna; 
Näätänen, Risto; 
Ilmoniemi, Risto J."
Input restriction and immediate memory decay in normal and subnormal children.,10.1080/17470216508416451,01.01.65,"O'Connor, N.; 
Hermelin, Beate"
Therapy of short-term memory disorders in fluent aphasia: A single case study.,10.1080/02687030600670593,01.05.07,"Koenig-Bruhin, Monica; 
Studer-Eichenberger, Felix"
Dynamic integrative synaptic plasticity explains the spacing effect in the transition from short- to long-term memory.,10.1162/neco_a_01227,01.11.19,"Elliott, Terry"
On the limits of evidence accumulation of the preconscious percept.,10.1016/j.cognition.2019.104080,01.02.20,"Avilés, Alberto; 
Bowman, Howard; 
Wyble, Brad"
What does the P300 brain response measure in children? New insight from stimulus sequence studies.,10.1097/00001756-199908200-00034,01.08.99,"Kilpeläiinen, Riitta; 
Partanen, Juhani; 
Karhu, Jari"
Task-unrelated thoughts and forgetting in working memory.,10.1016/j.jml.2019.03.004,01.06.19,"Soemer, Alexander"
Verbal memory decline after temporal epilepsy surgery? A 6-year multiple assessments follow-up study.,10.1212/01.wnl.0000230139.45304.eb,01.08.06,"Alpherts, W. C. J.;
Vermeulen, J.;
van Rijen, P. C.;
da Silva, F. H. Lopes; 
van Veelen, C. W. M."
Impaired verbal short-term memory in Down syndrome reflects a capacity limitation rather than atypically rapid forgetting.,10.1016/j.jecp.2005.01.002,01.05.05,"Purser, Harry R. M.; 
Jarrold, Christopher"
The relationship between hippocampal subfield volumes and autobiographical memory persistence.,10.1002/hipo.23293,01.04.21,"Barry, Daniel N.; 
Clark, Ian A.; 
Maguire, Eleanor A."
The effects of acute exercise on retroactive memory interference.,10.1177/0890117119866138,01.01.20,"Loprinzi, Paul D.; 
Frith, Emily; 
Crawford, Lindsay"
Subjective beliefs and confidence when facts are forgotten.,10.1007/s11166-018-9295-1,15.12.18,"Kopylov, Igor; 
Miller, Joshua"
On some of the main criticisms of the modal model: Reappraisal from a TBRS perspective.,10.3758/s13421-019-00982-w,01.04.20,"Plancher, Gaën; 
Barrouillet, Pierre"
Selective maintenance of value information helps resolve the exploration/exploitation dilemma.,10.1016/j.cognition.2018.11.004,01.02.19,"Hallquist, Michael N.; 
Dombrovski, Alexandre Y."
Verbal and spatial acquisition as a function of distributed practice and code-specific interference.,10.3758/s13421-019-00892-x,15.05.19,"Young, Adam P.; 
Healy, Alice F.; 
Jones, Matt; 
Bourne, Lyle E. Jr."
When social influences reduce false recognition memory: A case of categorically related information.,10.1016/j.cognition.2020.104279,01.09.20,"Rajaram, Suparna; 
Maswood, Raeya; 
Pereira-Pasarin, Luciane P."
"How people judge the usability of a desktop graphic user interface at different time points: Is there evidence for memory decay, recall bias or temporal bias?",10.1093/iwc/iwz019,01.03.19,"Boyd, Kyle; 
Bond, Raymond; 
Vertesi, Attila; 
Dogan, Huseyin; 
Magee, Justin"
Molecular mechanisms of forgetting.,10.1111/EJN.14839,01.10.21,"Moreno, Andrea"
P300 sequence effects differ between children and adults for auditory stimuli.,10.1017/s0048577299981337,01.05.99,"Kilpeläinen, R.; 
Koistinen, A.; 
Könönen, M.; 
Herrgård, E.; 
Partanen, J.;  
Karhu, J."
Arithmetical Calculations in Monolinguals and Bilinguals ~,10.1007/BF00308732,11.11.80,"Mägiste, Edith"
Ad wearout wearout: How time can reverse the negative effect of frequent advertising repetition on brand preference.,10.1016/j.ijresmar.2018.11.008,01.06.19,"Kronrod, Ann; 
Huber, Joel"
Dissociating memory accessibility and precision in forgetting.,10.1038/s41562-020-0888-8,01.08.20,"Berens, Sam C.;
Richards, Blake A.; 
Horner, Aidan J."
Memory for pitch versus memory for loudness.,10.1121/1.428106,01.11.99,"Clément, Sylvain; 
Demany, Laurent; 
Semal, Catherine"
After-action reviews and long-term performance: An experimental examination in the context of an emergency simulation.,10.1177/0018720820958848,01.06.22,"Muñoz, G. J.; Cortéz, D. A.; Álvarez, C. B.; Raggio, J. A.; Concha, A.; Rojas, F. I.; Arthur, W.; Jr, Fischer; B. M.; Rodriguez, S. "
Memory pattern identification for feedback tracking control in human‚Äìmachine systems.,10.1177/0018720819881008,01.03.21,"Martínez-García, Miguel; 
Zhang, Yu; 
Gordon, Timothy"
Decay of internal reference information in duration discrimination: Intertrial interval modulates the Type B effect.,10.1177/1747021818808187,01.06.19,"Ellinghaus, Ruben; 
Gick, Mareike; 
Ulrich, Rolf; 
Bausenhart, Karin M."
Officer-involved shootings: Testing the effect of question timing on memory accuracy for stressful events.,10.1007/s11292-018-9348-0,15.03.19,"Porter, Louise E.; 
Ready, Justin; 
Alpert, Geoffrey P."
The retention of skills acquired through simulator-based training.,10.1080/00140139008925319,01.09.90,"O'Hara, John M."
A memory span of one? Object identification in 6.5-month-old infants.,10.1016/j.cognition.2004.09.009,01.09.05,"Káldy, Zsuzsa; 
Leslie, Alan M."
Influence of articulation rate on two memory tasks in young and older adults,10.2466/pms.106.2.579-589,01.04.08,"Dasí, C.; Soler, M. J.; Cervera, T.; & Ruiz, J. C. "
Diffusion modeling of interference and decay in auditory short-term memory.,10.1007/s00221-019-05533-y,01.08.19,"Bancroft, Tyler D.; 
Ensor, Tyler M.; 
Hockley, William E.; 
Servos, Philip; 
Jones, Jeffery A."
Memories of motor adaptation do not necessarily decay with behavioral unlearning.,10.1007/s00221-019-05703-y,01.01.20,"Yan, Chenyu; 
Chen, Yilin; 
Lu, Ziyin; 
Li, Zhi"
What came out of visual memory: Inferences from decay of difference-thresholds.,10.3758/s13414-020-02032-z,01.08.20,"Nilsson, Thomy"
Scene layout priming relies primarily on low-level features rather than scene layout.,10.1167/19.1.14,20.01.19,"Shafer-Skelton, Anna; 
F. Brady, Timothy"
Did that just happen? Event segmentation influences enumeration and working memory for simple overlapping visual events.,10.1016/j.cognition.2019.01.002,01.06.19,"Ongchoco, Joan; Danielle K.; 
Scholl, Brian J."
No evidence for automatic response activation with target onset in the avatar-compatibility task.,10.3758/s13421-020-01052-2,01.10.20,"Böffel, C.; 
Müsseler, J."
Decay of prism aftereffects under passive and active conditions.,10.1016/j.cogbrainres.2004.01.007,01.06.04,"Fernández-Ruiz, Juan; 
Díaaz, Rosalinda; 
Aguilar, Carlos; 
Hall-Haro, Cynthia"
Long-term retention of transient news events.,10.1017/s1355617700611050,01.01.00,"O'Connor, Margaret G.; 
Sieggreen, Mary Alice;
Bachna, Kristie; 
Kaplan, Brina; 
Cermak, Laird S.; 
Ransil, Bernard J."
Stability of memory for colour in context.,10.1080/741943373,01.11.98,"Francis, Margaret A.; 
Irwin, R. John"
First-person view of one‚Äôs body in immersive virtual reality: Influence on episodic memory.,10.1371/journal.pone.0197763,07.03.19,"Bréchet, Lucie; 
Mange, Robin; 
Herbelin, Bruno; 
Theillaud, Quentin; 
Gauthier, Baptiste; 
Serino, Andrea; 
Blanke, Olaf"
Initial memory consolidation and the synaptic tagging and capture hypothesis.,10.1111/EJN.14902,01.10.21,"Okuda, Kosuke; 
Højgaard, Kristoffer; 
Privitera, Lucia; 
Bayraktar, Gülberk; 
Takeuchi, Tomonori"
Laypeople's beliefs about memory: Disentangling the effects of age and time.,10.1080/09658211.2020.1733023,01.05.20,"Wake, Kimberley; 
Green, James A.; 
Zajac, Rachel"
Can Bartlett's repeated reproduction experiments be replicated?,10.3758/bf03201224,01.11.99,"Bergman, Erik T.; 
Roediger, Henry L. III"
"Action video game playing is associated with improved visual sensitivity, but not alterations in visual sensory memory.",10.3758/s13414-013-0472-7,01.08.13,"Appelbaum, L. Gregory; 
Cain, Matthew S.; 
Darling, Elise F.; 
Mitroff, Stephen R."
Acid bath effects on storage and retrieval PI.,10.3758/BF03335163,01.11.76,"Butler, Keith; 
Chechile, Richard"
Forgetting at short term: When do event-based interference and temporal factors have an effect?,10.1016/j.actpsy.2012.12.003,01.02.13,"Barrouillet, Pierre; 
Plancher, Gaën; 
Guida, Alessandro; 
Camos, Valérie"
Short-term memory for unbalanced dichotic lists1 ,0,00.00.1966,"Bryden, M. P."
The persistence of syntactic priming revisited.,10.1016/j.jml.2016.01.002,01.12.16,"Bernolet, Sarah;
Collina, Simona; 
Hartsuiker, Robert J."
A production system theory of serial memory.,10.1037/0033-295X.104.4.728,01.10.97,"Anderson, John R.; 
Matessa, Michael"
On the sources of forgetting in working memory: The test of competing hypotheses.,10.1080/17470218.2017.1358293,01.08.18,"Barrouillet, Pierre; 
Uittenhove, Kim; 
Lucidi, Annalisa; 
Langerock, Naomi"
As time goes by: Temporal constraints in working memory.,10.1177/0963721412459513,01.12.12,"Barrouillet, Pierre; 
Camos, Valérie"
,10.3758/BF03331731,01.12.67,"Bogartz, R.S."
"Short-term retention in retarded adolescents as a function of load, delay, and interpolated activity.",10.1080/00223980.1976.9915839,01.11.76,"Borys, Suzanne V.; 
Spitz, Herman H."
The relative contributions of rods and cones in sensory memory under photopic and scotopic conditions.,10.1007/BF02686594,01.03.86,"Beech, John R.; 
McClenahan, Gordon"
Priming of pop-out on multiple time scales during visual search.,10.1016/j.visres.2011.07.007,01.09.11,"Brascamp, Jan W.; 
Pels, Elmar; 
Kristjánsson, Árni"
The evolution of a cognitive psychologist: A journey from simple behaviors to complex mental acts.,10.1146/annurev.psych.59.103006.093722,01.01.08,"Bower, Gordon H."
"Aspects of psychodynamic neuropsychiatry I: Episodic memory, transference, and the oddball paradigm.",10.1521/jaap.2010.38.4.693,01.12.10,"Brockman, Richard"
The contribution of symmetry and motion to the recognition of faces at novel orientations.,10.3758/bf03196870,01.09.04,"Busey, Thomas A.; 
Zaki, Safa R."
Developmental increase in working memory span: Resource sharing or temporal decay?,10.1006/jmla.2001.2767,01.07.01,"Barrouillet, Pierre; 
Camos, Valérie"
Part-list reexposure and release of retrieval inhibition.,10.1016/S1053-8100(03)00004-7,01.09.03,"Basden, Barbara H.; 
Basden, David R.; 
Wright, Matthew J."
Detailed and gist-like visual memories are forgotten at similar rates over the course of a week.,10.3758/s13423-015-0800-0,01.10.15,"Andermane, Nora; 
Bowers, Jeffrey S."
Time causes forgetting from working memory.,10.3758/s13423-011-0192-8,01.02.12,"Barrouillet, Pierre; 
De Paepe, Annick; 
Langerock, Naomi"
A spreading activation theory of memory.,10.1016/S0022-5371(83)90201-3,01.06.83,"Anderson, John R."
The effect of removing visual information on reach control in young children.,10.1007/s00221-012-3216-3,01.10.12,"Babinsky, Erin; 
Braddick, Oliver; 
Atkinson, Janette"
Proactive interference in short-term memory: Fundamental forgetting processes.,10.1016/S0022-5371(75)80060-0,01.04.75,"Bennett, Raymond W."
Memory characteristics of two dimensional movement information.,10.1080/02701367.1982.10605234,01.06.82,"Ashby, Alan A.; 
Shea, Charles H.; 
Tolson, Homer"
Initial retrieval difficulty and subsequent recall in an advertising setting.,10.1207/s15327663jcp0504_01,01.01.96,"Forehand, Mark R.; 
Keller, Kevin Lane"
Retention interval and eyewitness memory for events and personal identifying attributes.,10.1037/0021-9010.83.5.745,01.10.98,"Ebbesen, Ebbe B.; 
Rienick, Cynthia B."
A developmental study of decay rate in long-term memory.,10.1016/0022-0965(73)90163-X,01.10.73,"Fajnsztejn-Pollack, Gloria"
Delayed recall of paired associates as a function of processing level.,10.1080/00221309.1976.9710872,01.07.76,"Epstein, Michael L.; 
Phillips, W. Daniel"
Memory of a tonal center after modulation.,10.1525/MP.2016.34.1.71,01.09.16,"Farbood, Morwaread M."
The effect of overt rehearsal on motor short-term memory.,10.1080/00222895.1975.10735014,01.03.75,"Duffy, Thomas M.; 
Montague, William E.; 
Laabs, Gerald J.; 
Hillix, William A."
Consolidation and restoration of memory traces in working memory.,10.3758/s13423-017-1226-7,01.10.17,"De Schrijver, Sébastien; 
Barrouillet, Pierre"
Multiple time intervals of visual events are represented as discrete items in working memory.,10.3389/fpsyg.2018.01340,02.08.18,"Fan, Zhiwei; 
Yotsumoto, Yuko"
EASE OF CONDITIONING AND SPONTANEOUS RECOVERY FROM EXPERIMENTAL EXTINCTION*,10.1111/j.2044-8295.1963.tb00889.x,01.11.63,"Franks, Cyril M. "
A test of interference versus decay in working memory: Varying distraction within lists in a complex span task.,10.1016/j.jml.2016.03.010,01.10.16,"Farrell, Simon; 
Oberauer, Klaus; 
Greaves, Martin; 
Pasiecznik, Kazimir; 
Lewandowsky, Stephan; 
Jarrold, Christopher"
Measurement of trace strength in memory for pictures.,10.1080/14640747808400674,01.05.78,"Gaffan, David"
Short term memory for tactile stimuli.,10.1016/j.brainres.2007.11.014,01.01.08,"Gallace, Alberto; 
Tan, Hong Z.; 
Haggard, Patrick; 
Spence, Charles"
Errorful and errorless learning in preschoolers: At what age does the errorful advantage appear?,10.1016/j.cogdev.2017.10.002,01.10.17,"Faran, Yifat; 
Osher, Yamima; 
Sofen, Yaniv; 
Shalom, Dorit Ben"
Attention and salience in associative blocking.,10.3758/BF03192884,01.08.06,"Denton, Stephen E.; 
Kruschke, John K."
Memory for word locations in reading.,10.1080/741943718,01.01.99,"Fischer, Martin H."
Mathematical transcription of the ‚Äòtime‚Äêbased resource sharing‚Äô theory of working memory.,10.1111/bmsp.12112,01.02.18,"Gauvrit, Nicolas; 
Mathy, Fabien"
Learning reward frequency over reward probability: A tale of two learning rules.,10.1016/j.cognition.2019.104042,01.12.19,"Don, Hilary J.; 
Otto, A. Ross; 
Cornwall, Astin C.; 
Davis, Tyler; 
Worthy, Darrell A."
Event-related potentials reveal involuntary processing of orientation changes in the visual modality.,10.1111/1469-8986.00077,01.09.03,"Fu, Shimin; 
Fan, Silu; 
Chen, Lin"
Short-term retention of spatial information,10.1111/j.2044-8295.1992.tb02447.x,01.08.92,"Finkel, Donald L.;
 Smythe, Lisa"
The processing of multidimensional information from iconic storage: perceptual independence and comparative rates of decay,10.1016/0001-6918(72)90023-6,01.12.72,"Den Heyer, K."
Functional dissociation of anterior cingulate cortex and intraparietal sulcus in visual working memory.,10.1016/j.cortex.2019.09.009,01.12.19,"Duma, Gian Marco; 
Mento, Giovanni; 
Cutini, Simone; 
Sessa, Paola; 
Baillet, Sylvain; 
Brigadoi, Sabrina; 
Dell'Acqua, Roberto"
The representation of unseen objects in visual neglect: Effects of view and object identity.,10.1080/02643290701655413,01.09.07,"Forti, Sara; 
Humphreys, Glyn W."
Retention and coding in motor short-term memory: A comparison of storage codes for distance and location information.,10.1080/00222895.1975.10735032,01.09.75,"Diewert, Gordon L."
Situation awareness recovery.,10.1177/0018720813506223,01.06.14,"Gartenberg, Daniel; 
Breslow, Leonard; 
McCurry, J. Malcolm; 
Trafton, J. Greg"
On nodes and modes in resting state fMRI.,10.1016/j.neuroimage.2014.05.056,01.10.14,"Friston, Karl J.; 
Kahan, Joshua; 
Razi, Adeel; 
Stephan, Klaas Enno; 
Sporns, Olaf"
"Verbal labeling, gradual decay, and sudden death in visual short-term memory.",10.3758/s13423-014-0675-5,01.02.15,"Donkin, Chris; 
Nosofsky, Robert; 
Gold, Jason; 
Shiffrin, Richard"
Computational constraints in cognitive theories of forgetting.,10.3389/fpsyg.2012.00400,12.10.12,"Ecker, Ullrich K. H.; 
Lewandowsky, Stephan"
What is integration? Remembering a story and remembering false implications about the story.,10.1111/j.2044-8295.1986.tb02200.x,01.08.86,"Hammersley, Richard; 
Read, J. Don"
Proactive interference and intertrial interval in short-term retention of temporal visual information,10.2466/pms.1986.63.2.839,01.10.86,"Guay, M."
What Should Happen After An Officer-Involved Shooting? Memory Concerns in Police Reporting Procedures ‚Ä°¬®√π,10.1037/0278-7393.20.5.1063,01.09.94,"Grady, R. H.; Butler, B. J.; Loftus, E. F."
Temporal distinctiveness in task switching: Assessing the mixture-distribution assumption.,10.3389/fpsyg.2016.00251,24.02.16,"Grange, James A."
Gone in 0.6 seconds: The encoding of motor memories depends on recent sensorimotor states.,10.1523/JNEUROSCI.5909-11.2012,12.09.12,"Howard, Ian S.; 
Ingram, James N.; 
Franklin, David W.; 
Wolpert, Daniel M."
Memory mechanisms in grasping.,10.1016/j.neuropsychologia.2008.08.012,01.05.09,"Hesse, Constanze; 
Franz, Volker H."
What I Was Doing Versus What I Did Verb Aspect Influences Memory and Future Actions,http://www.jstor.org/stable/40065059,01.02.09,"Hart, William;
Albarracín, Dolores"
Everyday experiences of memory problems and control: The adaptive role of selective optimization with compensation in the context of memory decline.,10.1080/13825585.2014.888391,01.01.15,"Hahn, Elizabeth A.; 
Lachman, Margie E."
Visual memory decay is deterministic.,10.1111/j.1467-9280.2005.01612.x,01.10.05,"Gold, Jason M.; 
Murray, Richard F.; 
Sekuler, Allison B.; 
Bennett, Patrick J.; 
Sekuler, Robert"
Proactive interference in a semantic short-term memory deficit: Role of semantic and phonological relatedness.,10.1016/S0010-9452(08)70449-0,01.01.07,"Hamilton, A. Cris; 
Martin, Randi C."
Conflict versus misguided search as explanation of S-R correspondence effects.,10.1016/0001-6918(94)00011-5,01.06.95,"Hommel, Bernhard"
The amount seen in brief exposures.,10.1080/00335557143000077,01.02.71,"Holding, Dennis H."
Episodic retrieval and decaying inhibition in the competitor-rule suppression phenomenon.,10.1016/j.actpsy.2012.09.001,01.11.12,"Hsieh, Shulan; 
Chang, Chi-Chih; 
Meiran, Nachshon"
Contributions of the cerebellum and the motor cortex to acquisition and retention of motor memories.,10.1016/j.neuroimage.2014.04.076,01.09.14,"Herzfeld, David J.; 
Pastor, Damien; 
Haith, Adrian M.; 
Rossetti, Yves; 
Shadmehr, Reza; 
O'Shea, Jacinta"
The role of short-term working memory in mental arithmetic.,10.1016/0010-0285(78)90002-6,01.07.78,"Hitch, Graham J."
P3 amplitude attenuation secondary to increases in target-to-target interval (TTI) during spatial serial order recall: Implications for EEG models of working memory function.,10.1080/00207454.2018.1486834,01.12.18,"Hochberger, William C.; 
Axelrod, Jenna L.; 
Sarapas, Casey; 
Shankman, Stewart A.; 
Kristian Hill, S."
Retention and forgetting of grammatical structures in learning English as a foreign language.,10.1080/00220973.1986.10806413,01.03.86,"Hildebrand, Wilfried; 
Scheibner-Herzig, Gudrun"
The effects of memory trace strength on eyewitness recall in children with and without intellectual disabilities.,10.1016/j.jecp.2004.05.002,01.09.04,"Henry, Lucy A.; 
Gudjonsson, Gisli H."
Temporal characteristics of semantic perseverations induced by blocked-cyclic picture naming.,10.1016/j.bandl.2008.11.003,01.03.09,"Hsiao, Esther Y.; 
Schwartz, Myrna F.; 
Schnur, Tatiana T.; 
Dell, Gary S."
Dynamic updating of working memory resources for visual objects.,10.1523/JNEUROSCI.0208-11.2011,08.06.11,"Gorgoraptis, Nikos; 
Catalao, Raquel F. G.; 
Bays, Paul M.; 
Husain, Masud"
Visual information about object size and object position are retained differently in the visual brain: Evidence from grasping studies.,10.1016/j.neuropsychologia.2016.09.016,01.10.16,"Hesse, Constanze; 
Miller, Louisa; 
Buckingham, Gavin"
Sensory storage reconsidered.,10.3758/BF03198206,01.01.75,"Holding, Dennis H."
A distributed representation of temporal context.,10.1006/jmps.2001.1388,01.06.02,"Howard, Marc W.; 
Kahana, Michael J."
Grasping remembered objects: Exponential decay of the visual memory.,10.1016/j.visres.2010.07.026,01.12.10,"Hesse, Constanze; 
Franz, Volker H."
Knowledge maps and spatial-verbal processing: A temporal analysis.,10.2466/pms.1993.77.2.611,01.10.93,"Hall, Richard H.; 
Blair, Rose"
On the time course of negative priming: Another look.,10.3758/BF03212424,01.06.96,"Hasher, Lynn; 
Zacks, Rose T.; 
Stoltzfus, Ellen R.; 
Kane, Michael J.; 
Connelly, S. Lisa"
Does emotion help or hinder immediate memory? Arousal versus priority-binding mechanisms.,10.1037/0278-7393.32.1.79,01.01.06,"Hadley, Christopher B.; 
MacKay, Donald G."
Reconciling two computational models of working memory in aging.,10.1111/tops.12184,01.01.16,"Hoareau, Violette; 
Lemaire, Benoît; 
Portrat, Sophie; 
Plancher, Gaën "
Scaling behavior in the temporal context model.,10.1016/j.jmp.2004.03.004,01.08.04,"Howard, Marc W."
Temporal distinctiveness and repetition benefits in task switching: Disentangling stimulus-related and response-related contributions.,10.1080/17470218.2010.496857,01.03.11,"Horoufchin, Himeh; 
Philipp, Andrea M.; 
Koch, Iring"
Recognition tests of visual information storage.,10.1111/j.2044-8295.1973.tb01321.x,01.02.73,"Holding, Dennis H."
Semantic processing of unattended meaning is modulated by additional task load: Evidence from electrophysiology.,10.1016/j.cogbrainres.2005.03.001,01.08.05,"Hohlfeld, Annette; 
Sommer, Werner"
A bilateral advantage for maintaining objects in visual short term memory.,10.1016/j.actpsy.2014.11.007,01.01.15,"Holt, Jessica L.; 
Delvenne, Jean-François"
"The dynamics of sensory buffers: Geometric, spatial, and experience-dependent shaping of iconic memory.",10.1167/8.5.9,01.01.08,"Graziano, Martin; 
Sigman, Mariano"
Distraction speeds the decay of shock-induced hypoalgesia: Evidence for the contribution of memory systems in affective pain modulation.,10.1016/j.jpain.2008.09.005,01.03.09,"Grimes, Jeffrey S.; 
Creech, Suzannah K.; 
Young, Erin E.; 
Vichaya, Elisabeth G.; 
Meagher, Mary W."
"Presentation matters: Comparison of cognitive effects of DTC prescription drug advergames, websites, and print ads.",10.1080/00913367.2014.1003666,01.10.15,"Huh, Jisu; 
Suzuki-Lambrecht, Yoshikazu; 
Lueck, Jennifer; 
Gross, Michelle"
How does semantic knowledge impact working memory maintenance? Computational and behavioral investigations.,10.1016/j.jml.2020.104208,01.04.21,"Kowialiewski, Benjamin; 
Lemaire, Benoît; 
Portrat, Sophie"
Does length or neighborhood size cause the word length effect?,10.3758/s13421-011-0094-z,01.10.11,"Jalbert, Annie; 
Neath, Ian; 
Surprenant, Aimée M."
Long-term retention of information about presentation modality by children and adults.,10.3758/BF03198439,01.01.85,"Lehman, Elyse B.; 
Mikesell, James W.; 
Doherty, Suzanne C."
Sentence memory: A theoretical analysis.,10.1016/0749-596X(90)90069-C,01.04.90,"Kintsch, Walter; 
Welsch, David; 
Schmalhofer, Franz; 
Zimny, Susan"
Extremely long-term memory and familiarity after 12 years.,10.1016/j.cognition.2017.10.009,01.01.18,"Larzabal, Christelle; 
Tramoni, Eve; 
Muratot, Sophie; 
Thorpe, Simon J.; 
Barbeau, Emmanuel J."
Serial position effects for tonal stimuli*,10.3758/BF03197500,01.01.74,"Leshowitz, Barry; Hanzitt, Raquel"
Facilitating memory‚Äêbased lie detection in immediate and delayed interviewing: The role of mnemonics.,10.1002/acp.3435,01.09.18,"Izotovas, Aleksandras; 
Vrij, Aldert; 
Hope, Lorraine: 
Mann, Samantha; 
Granhag, Pär Anders; 
Strömwall, Leif A."
Does skill retention benefit from retentivity and symbolic rehearsal?‚ÄîTwo studies with a simulated process control task.,10.1080/00140139.2015.1101167,01.05.16,"Kluge, Annette; 
Frank, Barbara; 
Maafi, Sanaz; 
Kuzmanovska, Aleksandra"
The Effects of Intertrial Interval Duration on Short-Term Retention of a Two-Choice Visual-Discrimination Task by Retarded Children1,10.1016/0022-0965(68)90088-X,01.06.68,"Knight, Marcia S."
Recognition memory for odors.,10.1093/chemse/1.3.331,01.01.75,"Lawless Harry T.,
 Cain, William S."
Memory for pain,10.1016/0304-3959(79)90138-6,01.02.79,"Hunter, Myra;
Philips, Clare;
Rachman, Stanley"
A modified parallel paradigm for clinical evaluation of auditory echoic memory,10.1097/00001756-200505120-00006,12.05.05,"Karino, S.; Yumoto, M.; Itoh, K.; Yamakawa, K.; Mizuochi, T.; Kaga, K. "
Always look on the broad side of life: Happiness increases the breadth of sensory memory.,10.1037/a0024075,01.08.11,"Kuhbandner, Christof; 
Lichtenfeld, Stephanie; 
Pekrun, Reinhard"
The influence of recent scene events on spoken comprehension: Evidence from eye movements.,10.1016/j.jml.2007.01.003,01.11.07,"Knoeferle, Pia;
Crocker, Matthew W."
Three timescales in prism adaptation.,10.1152/jn.00803.2013.-,01.01.15,"Inoue, Masato; 
Uchimura, Motoaki; 
Karibe, Ayaka; 
O'Shea, Jacinta; 
Rossetti, Yves; 
Kitazawa, Shigeru"
A NEURAL SYSTEM ANALYSIS OF MEMORY STORAGE AND RETRIEVAL 1,10.1037/h0034843,01.09.73,"Kesner, Raymond"
A computational model of working memory integrating time-based decay and interference.,10.3389/fpsyg.2018.00416,03.04.18,"Lemaire, Benoît; 
Portrat, Sophie"
Read-out of emotional information from iconic memory: The longevity of threatening stimuli.,10.1177/0956797611406445,01.05.11,"Kuhbandner, Christof; 
Spitzer, Bernhard; 
Pekrun, Reinhard"
An Interview Study of Children's Knowledge about Memory,10.2307/1165955,01.03.75,"Kreutzer, Mary Anne; Leonard, Catherine; Flavell, John H.; Hagen, John W."
An attractor network model of serial recall,10.1016/S1389-0417(01)00043-2,01.03.02,"Gray, Wayne; Schunn, Christan;
 Jones, Matt;
Polk, Thad A."
Temporal gradient of release from proactive inhibition.,https://doi.org/10.1037/h0029991,01.01.70,"Kincaid, J. P.; Wickens, D. D."
Proximity and same case marking do not increase attraction effect in comprehension: Evidence from eye-tracking experiments in Korean.,10.3389/fpsyg.2019.01320,06.06.19,"Kwon, Nayoung; 
Sturt, Patrick"
Dilution as a model of long-term forgetting.,10.1037/a0013325,01.10.08,"Lansdale, Mark; 
Baguley, Thom"
On the costs of refocusing items in working memory: A matter of inhibition or decay?,10.1080/09658210801941742,01.05.08,"Janczyk, Markus; 
Wienrich, Carolin; 
Kunde, Wilfried"
Dopamine related genes differentially affect declarative long-term memory in healthy humans.,10.3389/fnbeh.2020.539725,28.10.20,"Leukel, Carla; 
Schümann, Dirk; 
Kalisch, Raffael; 
Sommer Tobias; 
Bunzeck, Nico"
A shared resource between declarative memory and motor memory.,10.1523/JNEUROSCI.4160-10.2010,03.11.10,"Keisler, Aysha; 
Shadmehr, Reza"
Reward-priming impacts visual working memory maintenance: Evidence from human electrophysiology.,10.1080/13506285.2017.1365790,01.11.17,"Infanti, Elisa; 
Hickey, Clayton; 
Menghi, Nicholas; 
Turatto, Massimo"
"Unlearning versus savings in visuomotor adaptation: Comparing effects of washout, passage of time, and removal of errors on motor memory.",10.3389/fnhum.2013.00307,28.06.13,"Kitago, Tomoko; 
Ryan, Sophia L.; 
Mazzoni, Pietro; 
Krakauer, John W.; 
Haith, Adrian M."
Oscillatory EEG Correlates of Episodic Trace Decay.,10.1093/cercor/bhi107,01.02.06,"Klimesch, W.; 
Hanslmayr, S.; 
Sauseng, P.; 
Gruber, W.; 
Brozinsky, C. J.; 
Kroll, N. E. A.; 
Yonelinas, A. P.; 
Doppelmayr, M."
Odour memory and odour hedonics in children.,10.1068/p180391,01.01.89,"Hvastja, Loredana;
Zanuttini, Lucia"
Short-term memory for a pure-tone stimulus among mentally retarded and nonretarded persons.,10.1016/0160-2896(85)90026-1,01.07.85,"Laine, Richard A.;
Baumeister, Alfred A."
The modified Location Learning Test: Norms for the assessment of spatial memory function in neuropsychological patients.,10.1016/j.acn.2006.06.015,01.12.06,"Kessels, R. P.; Nys, G. M.; Brands, A. M.; van den Berg, E.; Van Zandvoort, M. J. "
The mind and brain of short-term memory.,10.1146/annurev.psych.59.103006.093615,01.01.08,"Jonides, John; 
Lewis, Richard L.; 
Nee, Derek Evan; 
Lustig, Cindy A.; 
Berman, Marc G.; 
Moore, Katherine Sledge"
Gathering and retaining visual information over recurring fixations: A model.,10.1007/s12559-010-9084-x,01.03.11,"Jacob, Michal; 
Hochstein, Shaul"
Role of adult neurogenesis in hippocampal-cortical memory consolidation.,10.1186/1756-6606-7-13,19.02.14,"Kitamura, Takashi; 
Inokuchi, Kaoru"
On the construction and maintenance of expectancies.,10.1080/00335557843000043,01.08.78,"McLean, John P.; 
Shulman, Gordon L."
The bow and sequential effects in absolute identification.,10.3758/BF03202769,01.11.82,"Luce, R. Duncan; 
Nosofsky, Robert M.; 
Green, David M.; 
Smith, Albert F."
A disorder of executive function and its role in language processing.,10.1055/s-0028-1082884,01.08.08,"Martin, Randi C.; 
Allen, Corinne M."
Examination of mechanisms underlying enhanced memory performance in action video game players: A pilot study.,10.3389/fpsyg.2015.00843,16.06.15,"Li, Xianchun; 
Cheng, Xiaojun; 
Li, Jiaying;
Pan, Yafeng; 
Hu, Yi; 
Ku, Yixuan"
The effects of environmental support and secondary tasks on visuospatial working memory.,10.3758/s13421-014-0421-2,01.10.14,"Lilienthal, Lindsey;
Hale, Sandra; 
Myerson, Joel"
Decay of iconic memory traces is related to psychometric intelligence: A fixed-links modeling approach.,10.1016/j.lindif.2010.08.010,01.12.10,"Miller, Robert; 
Rammsayer, Thomas H.; 
Schweizer, Karl; 
Troche, Stefan J."
"The relation of phoneme discrimination, lexical access, and short-term memory: A case study and interactive activation account.",10.1006/brln.1999.2184,01.12.99,"Martin, Randi C.; 
Breedin, Sarah D.; 
Damian, Markus F."
Literacy and memory decline among ethnically diverse elders.,10.1076/jcen.25.5.680.14579,01.08.03,"Manly, Jennifer J.; 
Touradji, Pegah; 
Tang, Ming-Xin; 
Stern, Yaakov"
Memory for the surface structure of sentences: Remembering with and without awareness.,10.1016/S0022-5371(84)90364-5,01.10.84,"Masson, Michael E."
Modeling the temporal dynamics of visual working memory.,10.1016/j.cogsys.2012.12.009,01.09.13,"Peebles, David; 
Peebles, David; 
Lohmann, J.; 
Herbort, O.; 
Butz, M. V."
System identification in Priming of Pop-Out.,10.1016/j.visres.2010.07.024,12.10.10,"Martini, Paolo"
Working memory and interference control in children with specific language impairment.,10.1111/lnc3.12189,01.05.16,"Marton, Klara;
Eichorn, Naomi; 
Campanelli, Luca; 
Zakarias, Lilla"
Executive control is shared between sentence processing and digit maintenance: Evidence from a strictly timed dual-task paradigm.,10.1080/20445911.2011.586625,01.11.11,"Loncke, Maaike; 
Desmet, Timothy; 
Vandierendonck; André; 
Hartsuiker, Robert J."
Lexical activity in speech processing: evidence from pause detection q,10.1016/S0749-596X(02)00037-2,01.10.02,"Mattys, Sven L.;
Clark, Jamie H."
Force control under auditory feedback: Effector differences and audiomotor memory.,10.2466/24.25.27.PMS.114.3.915-935,01.06.12,"Loucks, Torrey M. J.; 
Ofori, Edward; 
Sosnoff, Jacob J."
"The visual nonverbal memory trace is fragile when actively maintained, but endures passively for tens of seconds.",10.3758/s13421-019-01003-6,01.02.20,"McKeown, Denis; 
Mercer, Tom; 
Bugajska, Kinga; 
Duffy, Paul; 
Barker, Emma"
Processing of haptic texture information over sequential exploration movements.,10.3758/s13414-017-1426-2,01.01.18,"Lezkan, Alexandra; 
Drewing, Knut"
Effects of delay and number of related list items on implicit activation for DRM critical items in a speeded naming task.,10.1016/j.jml.2009.11.009,01.04.10,"Meade, Michelle L.; 
Hutchison, Keith A.; 
Rand, Kristina M."
Interference: Unique source of forgetting in working memory?,10.1016/j.tics.2009.01.002,01.04.09,"Barrouillet, Pierre; 
Camos, Valérie"
Mental mechanisms for topics identification.,10.1155/2014/920892,01.01.14,"Massey, Louis"
The decay of memory between delayed and long-term recall in patients with temporal lobe epilepsy.,10.1016/j.yebeh.2005.11.003,01.02.06,"Mameniskiene, Ruta; 
Jatuzis, Dalius; 
Kaubrys, Gintaras; 
Budrys, Valmantas"
The word-length effect provides no evidence for decay in short-term memory.,10.3758/PBR.15.5.875,01.10.08,"Lewandowsky, Stephan; 
Oberauer, Klaus"
The impact of overnight consolidation upon memory for emotional and neutral encoding contexts.,10.1016/j.neuropsychologia.2011.05.009,01.07.11,"Lewis, P. A.; 
Cairney, S.; 
Manning, L.; 
Critchley, H. D."
Balanced cortical microcircuitry for maintaining information in working memory.,10.1038/nn.3492,01.09.13,"Lim, Sukbin; 
Goldman, Mark S."
Memory activation and the availability of explanations in sequential diagnostic reasoning.,10.1006/jmla.1997.2553,01.11.11,"Mehlhorn, Katja; 
Taatgen, Niels A.; 
Lebiere, Christian; 
Krems, Josef F."
Not-so-working memory: Drift in functional magnetic resonance imaging pattern representations during maintenance predicts errors in a visual working memory task.,10.1162/jocn_a_01427,01.10.19,"Lim, Phui Cheng; 
Ward, Emily J.; 
Vickery, Timothy J.; 
Johnson, Matthew R."
Predicting fluctuations in widespread interest: Memory decay and goal-related memory accessibility in Internet search trends.,10.1037/a0030731,01.02.14,"Masicampo, E. J.; 
Ambady, Nalini"
Division of attention: Evidence for a between-trial component of impaired performance.,10.1080/00335557743000071,01.02.77,"Long, John"
Active versus passive maintenance of visual nonverbal memory.,10.3758/s13423-013-0574-1,01.08.14,"McKeown, Denis; 
Holt, Jessica; 
Delvenne, Jean-Francois; 
Smith, Amy; 
Griffiths, Benjamin"
An examination of iconic memory in children with autism spectrum disorders.,10.1007/s10803-012-1748-9,01.08.13,"McMorris, Carly A.; 
Brown, Stephanie M.; 
Bebko, James M."
The effect of intellectual deterioration on retention deficits in amnesic alcoholics.,10.1037//0021-843x.97.4.448,01.11.88,"Longmore, Barry E.; 
Knight, Robert G."
Stimulus-induced change in long-range temporal correlations and scaling behaviour of sensorimotor oscillations.,10.1046/j.1460-9568.2003.03116.x,01.01.04,"Linkenkaer-Hansen, Klaus; 
Nikulin, Vadim V.; 
Palva, J. Matias; 
Kaila, Kai; 
Ilmoniemi, Risto J."
Decay and interference effects in motor short-term memory.,10.1016/0001-6918(75)90036-0,01.06.75,"Marteniuk, R. G.; 
Diewert, G. L."
When the best appears to be saved for last: Serial position effects on choice.,10.1002/bdm,01.10.09,"Li, Ye; 
Epley, Nicholas"
Computational principles of working memory in sentence comprehension.,10.1016/j.tics.2006.08.007,01.10.06,"Lewis, Richard L.; 
Vasishth, Shravan; 
Van Dyke, Julie A."
A computational model of spatial visualization capacity.,10.1016/j.cogpsych.2007.12.003,01.09.08,"Lyon, Don R.; 
Gunzelmann, Glenn; 
Gluck, Kevin A."
Do firms forget about their past acquisitions? Evidence from French acquisitions in the United States (1988‚Äì2006).,10.1177/0149206310392574,01.02.13,"Meschi, Pierre-Xavier; 
Métais, Emmanuel"
Decay uncovered in nonverbal short-term memory.,10.3758/s13423-013-0472-6,01.02.14,"Mercer, Tom; 
McKeown, Denis"
Maintenance rehearsal: The key to the role attention plays in storage and forgetting.,10.1037/a0026783,01.07.12,"McFarlane, Kimberley A.;
Humphreys, Michael S."
Maintenance versus transmission deficits: The effect of delay on naming performance in aphasia.,10.3389/fnhum.2019.00406,27.11.19,"Martin, Nadine; 
Dell, Gary S."
Recovery in Deep Dysphasia: Evidence for a Relation between Auditory-Verbal STM Capacity and Lexical Errors in Repetition,10.1006/brln.1996.0005,01.01.96,"Martin, Nadine:
Saffran, Eleanor M.; Dell, Gary S. "
Widening the temporal window: Processing support in the treatment of aphasic language production.,10.1016/j.bandl.2006.09.001,01.01.07,"Linebarger, Marcia; 
McCall, Denise; 
Virata, Telana; 
Berndt, Rita Sloan"
Modeling working memory: A computational implementation of the Time-Based Resource-Sharing theory.,10.3758/s13423-010-0020-6,01.02.11,"Oberauer, Klaus; 
Lewandowsky, Stephan"
Decrease of Iconic Memory After AlcohoP,10.15288/jsa.1976.37.278,01.03.76,"Moskowitz, Herbert;
Murray, J. Thomas"
Recent developments in short-term memory,10.1111/j.2044-8295.1967.tb01099.x,01.11.67,"Murdock JR, Bennet B."
Further evidence against decay in working memory.,10.1016/j.jml.2014.02.003,01.05.14,"Oberauer, Klaus; 
Lewandowsky, Stephan"
Alzheimer's dementia produces a loss of discrimination but no increase in rate of memory decay in delayed matching to sample.,10.1016/0028-3932(92)90023-f,01.02.92,"Money, E. A.; 
Kirk, R. C.; 
McNaughton, N."
Effects of retention interval and modality on sensory and semantic trace information.,10.3758/BF03197598,01.07.79,"Nelson, Douglas L.; 
McEvoy, Cathy L."
Controlled Rehearsal in Single-Trial Free Recall',10.1016/S0022-5371(78)90201-3,01.06.78,"Murdock, Bennet;
Metcalfe, Janet"
Minimizing precision-weighted sensory prediction errors via memory formation and switching in motor adaptation.,10.1523/JNEUROSCI.3250-18.2019,13.11.19,"Oh, Youngmin; 
Schweighofer, Nicolas"
The effect of processing load on loss of information from short-term memory.,10.1080/09658211.2018.1497661,01.02.19,"Norris, Dennis;
Hall, Jane; 
Butterfield, Sally; 
Page, Michael P. A."
Alcohol intoxication impairs eyewitness memory and increases suggestibility: Two field studies.,10.1002/acp.3561,01.05.19,"van Oorsouw, Kim; 
Broers, Nick J.; 
Sauerland, Melanie"
Beyond resources: Formal models of complexity effects and age differences in working memory.,10.1080/09541440042000278,01.03.01,"Oberauer, Klaus; 
Kliegl, Reinhold"
The Sync/deSync model: How a synchronized hippocampus and a desynchronized neocortex code memories.,10.1523/JNEUROSCI.2561-17.2018,04.04.18,"Parish, George; 
Hanslmayr, Simon; 
Bowman, Howard"
The role of the ventromedial prefrontal cortex in memory consolidation.,10.1016/j.bbr.2010.12.009,15.04.11,"Nieuwenhuis, Ingrid L. C.; 
Takashima, Atsuko"
Repeated items and decay in memory 1,10.3758/BF03331489,04.11.13,"Morton, John"
Foreign language reduces the longevity of the repetition-based truth effect.,10.1016/j.actpsy.2018.08.019,01.11.18,"Nadarevic, Lena; 
Plier, Sarah; 
Thielmann, Isabel; 
Darancó, Stefánia"
Linear versus hierarchical agreement feature processing in comprehension.,10.1023/A:1005128624716,01.01.00,"Pearlmutter, Neal J."
A formal model of capacity limits in working memory.,10.1016/j.jml.2006.08.009,01.11.06,"Oberauer, Klaus; 
Kliegl, Reinhold"
Practice and Forgetting Effects on Vocabulary Memory: An Activation-Based Model of the Spacing Effect.,10.1207/s15516709cog0000_14,01.07.05,"Pavlik, Philip I. Jr.; 
Anderson, John R."
Understanding serial position curves in short-term recognition and recall.,10.1016/S0749-596X(03)00080-9,01.11.03,"Oberauer, Klaus"
A short-term memory of multi-stable perception.,10.1167/8.13.7,01.01.08,"Pastukhov, Alexander; 
Braun, Jochen"
Reconsidering the two-second decay hypothesis in verbal working memory.,10.1016/j.jmp.2008.11.001,01.02.09,"Mueller, Shane T.; 
Krawitz, Adam"
Rate of presentation and order of recall in immediate memory.,10.1111/j.2044-8295.1964.tb00914.x,01.08.64,"Posner, Michael I. "
Corrigendum: Iconic Memories Die a Sudden Death,10.1177/0956797618796808,01.10.18,"Pratte, Michael S. "
Effect of very brief interpolated activity on short-term retention.,10.2466/pms.1964.18.3.797,01.06.64,"Mortenson, F. J.; Loess, H."
Probing the lifetimes of auditory novelty detection processes.,10.1016/j.neuropsychologia.2010.06.030,01.08.10,"Pegado, Felipe;
Bekinschtein, Tristan; 
Chausson, Nicolas; 
Dehaene, Stanislas; 
Cohen, Laurent; 
Naccache, Lionel"
Attention cueing and activity equally reduce false alarm rate in visual-auditory associative learning through improving memory.,10.1371/journal.pone.0157680,17.06.16,"Nikouei Mahani, Mohammad-Ali; 
Haghgoo, Hojjat Allah;
Azizi, Solmaz; 
Ahmadabadi, Majid Nili"
Failures of memory and the fate of forgotten memories.,10.1016/j.nlm.2021.107426,01.05.21,"Miller, Ralph R."
Working memory in children: A time-constrained functioning similar to adults.,10.1016/j.jecp.2008.05.005,01.03.09,"Portrat, Sophie; 
Camos, Valérie; 
Barrouillet, Pierre"
The role of sleep in motor sequence consolidation: Stabilization rather than enhancement.,10.1523/JNEUROSCI.1236-14.2015,29.04.15,"Nettersheim, Almut; 
Hallschmid, Manfred; 
Born, Jan; 
Diekelmann, Susanne"
"Accelerated long-term forgetting in temporal lobe epilepsy: Verbal, nonverbal and autobiographical memory.",10.1016/j.yebeh.2012.06.038,01.12.12,"Narayanan, Jwala; 
Duncan, Rod; 
Greene, John; 
Leach, John-Paul; 
Razvi, Saif; 
McLean, John; 
Evans, Jonathan J."
Impaired visuospatial short-term memory in children with ADHD.,10.1080/00221325.2017.1414028,01.01.18,"Narimoto, Tadamasa; 
Matsuura, Naomi; 
Hiratani, Michio"
Temporal limits of spatial working memory in humans.,10.1046/j.1460-9568.1998.00101.x,01.02.98,"Ploner, Christoph J.; 
Gaymard, Bertrand; 
Rivaud, Sophie; 
Agid, Yves; 
Pierrot-Deseilligny, Charles"
Remembering over the short-term: The case against the standard model.,10.1146/annurev.psych.53.100901.135131,01.01.02,"Nairne, James S."
Motor memory deficits contribute to motor impairments in Autism Spectrum Disorder.,10.1007/s10803-016-2806-5,15.07.19,"Neely, Kristina A.; 
Mohanty, Suman; 
Schmitt, Lauren M.; 
Wang, Zheng; 
Sweeney, John A.; 
Mosconi, Matthew W."
Mismatch Negativity in Aging and in Alzheimer's and Parkinson's Diseases,10.1159/000013883,01.05.00,"Pekkonen, Eero "
Failing to recall: Examining the effects of trace decay and interference on memory for campaign information.,10.1111/pops.12002,01.06.13,"Miller, Beth"
Why word learning is not fast.,10.3389/fpsyg.2012.00041,29.02.12,"Munro, Natalie; 
Baker, Elise; 
McGregor, Karla; 
Docking, Kimberly; 
Arculi, Joanne"
Passing thoughts on the evolutionary stability of implicit motor behaviour: Performance retention under physiological fatigue.,10.1016/j.concog.2006.06.008,01.06.07,"Poolton, J. M.; 
Masters, R. S. W.; 
Maxwell, J. P."
Effects of load and maintenance duration on the time course of information encoding and retrieval in working memory: From perceptual analysis to post-categorization processes.,10.3389/fnhum.2014.00165,01.04.14,"Pinal, Diego; 
Zurrón, Montserrat; 
Díaz, Fernando"
Control of information in working memory: Encoding and removal of distractors in the complex-span paradigm.,10.1016/j.cognition.2016.08.007,01.11.16,"Oberauer, Klaus; 
Lewandowsky, Stephan"
Lexical decay during online sentence processing in adults with specific language impairment.,10.1044/2014_JSLHR-L-13-0265,01.12.14,"Poll, Gerard H.; 
Watkins, Holly S.; 
Miller, Carol A."
When is the verb a potential gap site? The influence of filler maintenance on the active search for a gap.,10.1080/23273798.2019.1591471,01.09.19,"Ness, Tal; 
Meltzer-Asscher, Aya"
Absence of adult age differences in forgetting in the Brown-Peterson Task,10.1016/0001-6918(89)90042-5,01.10.89,"Puckett, J. M.;  Lawson, W. M. "
Visual search in authentication systems based on memorized faces: Effects of memory load and retention interval.,10.1080/10447318.2014.907464,01.07.14,"Huestegge, L.; 
Pimenidis, L."
Learning and memory performance in breast cancer survivors 2 to 6 years post-treatment: The role of encoding versus forgetting.,10.1007/s11764-015-0505-4,01.06.16,"Root, James C.; 
Andreotti, Charissa; 
Tsu, Loretta; 
Ellmore, Timothy M.; 
Ahles, Tim A."
When does working memory get better with longer time?,10.1037/xlm0001199,01.12.22,"Oberauer, Klaus"
Evidence against decay in verbal working memory.,10.1037/a0029588,01.05.13,"Oberauer, Klaus; 
Lewandowsky, Stephan"
"Time-based loss in visual short-term memory is from trace decay, not temporal distinctiveness.",10.1037/xlm0000018,01.11.14,"Ricker, Timothy J.; 
Spiegel, Lauren R.; 
Cowan, Nelson"
A decay-based account of learning and adaptation in complex skills.,10.1037/xlm0001071.supp,01.11.21,"Seow, Roderick Yang Terng; 
Betts, Shawn A.; 
Anderson, John R."
The resilience of verbal sequence learning: Evidence from the Hebb repetition effect.,10.1037/xlm0000566,01.01.19,"St-Louis, Marie-Ève; 
Hughes, Robert W.; 
Saint-Aubin, Jean; 
Tremblay, Sébastien"
Evidence of gradual loss of precision for simple features and complex objects in visual working memory.,10.1037/xhp0000491.supp,01.06.18,"Rademaker,Rosanne L.; 
Park, Young Eun; 
Sack, Alexander T.; 
Tong, Frank"
The loss of short-term visual representations over time: Decay or temporal distinctiveness?,10.1037/a0038141,01.12.14,"Mercer, Tom"
Memory activation and the availability of explanations in sequential diagnostic reasoning.,10.1037/a0023920,01.11.11,"Mehlhorn, Katja; 
Taatgen, Niels A.; 
Lebiere, Christian; 
Krems, Josef F."
Rehearsal in serial recall: An unworkable solution to the nonexistent problem of decay.,10.1037/a0039684.supp,01.10.15,"Lewandowsky, Stephan; 
Oberauer, Klaus"
Sudden death and gradual decay in visual working memory.,10.1111/j.1467-9280.2009.02322.x,01.04.09,"Zhang, Weiwei; 
Luck, Steven J."
Rapid but incomplete degradation of residual visual representations over time.,10.1037/xlm0001267.supp,20.07.23,"Mercer, Tom; 
Markova, Anna-Maria"
What limits working memory capacity?,10.1037/bul0000046,01.07.16,"Oberauer, Klaus; 
Farrell, Simon; 
Jarrold, Christopher; 
Lewandowsky, Stephan"
Response feedback and short-term motor retention.,10.1037/h0032159,01.01.72,"Adams, Jack A.;
Marshall, Philip H.; 
Goetz, Ernest T."
Investigating and explaining the effects of successive relearning on long-term retention.,10.1037/xap0000146,01.03.18,"Rawson, Katherine A.; 
Vaughn, Kalif E., 
Walsh; Matthew, 
Dunlosky, John"
Does emotion help or hinder immediate memory? Arousal versus priority-binding mechanisms.,10.1037/0278-7393.32.1.79,01.01.06,"Hadley, Christopher B.; 
MacKay, Donald G."
Properties of memory for unattended spoken syllables.,10.1037//0278-7393.16.2.258,01.03.90,"Cowan, Nelson; 
Lichty, Wemara; 
Grove, Tim R."
No evidence for temporal decay in working memory.,10.1037/a0017010,01.11.09,"Lewandowsky, Stephan; 
Oberauer, Klaus"
Time-dependent emotional memory transformation: Divergent pathways of item memory and contextual dependency.,10.1037/xge0001293,01.03.23,"Cox, Wouter R.; 
Meeter, Martijn; 
Kindt, Merel; 
van Ast, Vanessa A."
In search of decay in verbal short-term memory.,10.1037/a0014873,01.03.09,"Berman, Marc G.; 
Jonides, John; 
Lewis, Richard L."
Long-term memory for 400 pictures on a common theme.,10.1027/1618-3169.54.4.298,01.01.07,"Vogt, Stine; 
Magnussen, Svein"
The passive state: A protective mechanism for information in working memory tasks.,10.1037/xlm0001092,01.09.22,"Zhang, Jiafeng, 
Ye; Chaoxiong, 
Sun; Hong-Jin, 
Zho; Jing, 
Liang, Tengfei; 
Li, Yuchen; 
Liu, Qiang"
"The longevity of statistical learning: When infant memory decays, isolated words come to the rescue.",10.1037/xlm0000448,01.02.18,"Karaman, Ferhat; 
Hay, Jessica F."
"Longer resistance of associative versus item memory to interference-based forgetting, even in older adults.",10.1037/xlm0000963.supp,01.03.21,"Kuhlmann, Beatrice G.; 
Brubaker, Matthew S.; 
Pfeiffer, Theresa; 
Naveh-Benjamin, Moshe"
Memory for position and identity across eye movements.,10.1037/0278-7393.18.2.307,01.03.92,"Irwin, David E."
Components of activation: Repetition and priming effects in lexical decision and recognition.,10.1037//0096-3445.114.4.435,01.12.85,"Ratcliff, Roger; 
Hockley, William; 
McKoon, Gail"
Officer-involved shootings: Testing the effect of question timing on memory accuracy for stressful events.,10.1007/s11292-018-9348-0,15.03.19,"Porter, Louise E.; 
Ready, Justin; 
Alpert, Geoffrey P."
Differences between presentation methods in working memory procedures: A matter of working memory consolidation.,10.1037/a0034301,01.03.14,"Ricker, Timothy J.; 
Cowan, Nelson"
Effects of interruption length on procedural errors.,10.1037/xap0000117,01.06.17,"Altmann, Erik M.; 
Trafton, J. Gregory; 
Hambrick, David Z."
Coarse-to-fine encoding of spatial frequency information into visual short-term memory for faces but impartial decay.,10.1037/a0023091.supp,01.08.11,"Gao, Zaifeng; 
Bentin, Shlomo"
"Without Surreptitious Rehearsal, Information in Short-Term Memory Decays I",10.1016/S0022-5371(74)80015-0,01.08.74,"Reitman, Judith S."
Further evidence for temporal decay in working memory: Reply to Lewandowsky and Oberauer (2009).,10.1037/a0022933,01.09.11,"Barrouillet, Pierre;
Portrat, Sophie; 
Vergauwe, Evie; 
Diependaele, Kevin; 
Camos, Valérie"
Repetition factors in one-trial learning of paired associates.,10.1037/h0045339,01.01.63,"Reynolds, James H. "
The modified Brown-Peterson task: A tool to directly compare children and adult's working memory.,10.1080/00221325.2011.653839,01.03.13,"Rai, Manpreet Kaur; 
Harris, Richard Jackson"
Contributions of cognitive aging models to the explanation of source memory decline across the adult lifespan.,10.1080/0361073X.2020.1743920,01.05.20,"Cansino, Selene; Torres-Trejo, Frine;  Estrada-Manilla, Cinthya; Pérez-Loyda, Miguel; Vargas-Martínez, Cinthia; Tapia-Jaimes, Gabriela; Riuz-Velasco, Silvia"
Time-related decay or interference-based forgetting in working memory?,10.1037/a0013356,01.11.08,"Portrat, Sophie; 
Barrouillet, Pierre; 
Camos, Val√©rie"
The properties of retention intervals and their affect on retaining prospective memories.,10.1037//U278-7393.26.5.1160,01.09.00,"Hicks, Jason L.; 
Marsh, Richard L.; 
Russell, Edward J."
Temporal Stability of Implicit Sequence Knowledge Implications for Single-system Models of Memory,10.1027/1618-3169/a000293,30.06.15,"Tamayo, Ricardo;
Frensch, Peter A."
Is visual short-term memory depthful?,10.1016/j.visres.2014.01.010,01.03.14,"Reeves, Adam; 
Lei, Quan"
Dual-task costs in memory recall precision reflect shared representational space.,10.1037/xhp0000894,01.03.21,"Li, Zeyu; 
Li, Zhi"
Can auditory memory for tone pitch be rehearsed?,10.1037//0278-7393.21.3.635,01.05.95,"Keller, Timothy A.; 
Cowan, Nelson; 
Saults, J. Scott"
Journal of Applied Research in Memory and Cognition What Should Happen After An Officer-Involved Shooting? Memory Concerns in Police Reporting Procedures ‚Ä°¬®√π,10.1037/0278-7393.20.5.1063,01.09.16,"Grady, R. H.; Butler, B. J.; Loftus, E. F. "
Effect of memory decay on predictions from changing categories.,10.1037//0278-7393.21.4.815,01.07.95,"Elliott, Stuart W.; 
Anderson, John R."
Short-term visual memory for location in depth: A U-shaped function of time.,10.3758/s13414-017-1366-x,01.10.17,"Reeves, Adam; 
Lei, Quan"
Journal of Applied Research in Memory and Cognition Deception and Decay: Verbal Lie Detection as a Function of Delay and Encoding Quality,10.1037//0022-3514.56.5.669,01.01.17,"Harvey, A. C.; Vrij, A.; Leal, S.; Hope, L.; Mann, S. "
Do familiar memory items decay?,10.1037/xlm0000719,01.01.20,"Ricker, Timothy J.; 
Sandry, Joshua; 
Vergauwe, Evie; 
Cowan, Nelson"
Presentation rate and immediate memory.,10.1037/h0083229,01.01.62,"Mackworth, Jane F."
Predicting fluctuations in widespread interest: Memory decay and goal-related memory accessibility in Internet search trends.,10.1037/a0030731,01.02.14,"Masicampo, E. J.;
Ambady, Nalini"
How thinking about what could have been affects how we feel about what was.,10.1080/02699931.2018.1478280,01.06.19,"De Brigard, Felipe; 
Hanna, Eleanor; 
St Jacques, Peggy L.; 
Schacter, Daniel L."
Visual memory decay is deterministic.,10.1111/j.1467-9280.2005.01612.x,01.10.05,"Gold, Jason M.; 
Murray, Richard F.; 
Sekuler, Allison B.; 
Bennett, Patrick J.; 
Sekuler, Robert"
Keeping timbre in mind: Working memory for complex sounds that can't be verbalized.,10.1037/a0029720.supp,01.04.13,"Golubock, Jason L.; 
Janata, Petr"
Maintenance rehearsal: The key to the role attention plays in storage and forgetting.,10.1037/a0026783,01.07.12,"McFarlane, Kimberley A.; 
Humphreys, Michael S."
Always look on the broad side of life: Happiness increases the breadth of sensory memory.,10.1037/a0024075,01.08.11,"Kuhbandner, Christof; 
Lichtenfeld, Stephanie; 
Pekrun, Reinhard"
The effect of interruption duration and demand on resuming suspended goals.,10.1037/a0014402,01.12.08,"Monk, Christopher A.; 
Trafton, J. Gregory; 
Boehm-Davis, Deborah A."
Memory interference as a determinant of language comprehension.,10.1002/lnc3.330,01.04.12,"Van Dyke, Julie A.; 
Johns, Clinton L."
On the decay of distractor-response episodes.,10.1027/1618-3169/a000077,01.01.11,"Frings, Christian"
Positional uncertainty in the Brown-Peterson paradigm.,10.1037/cep0000038,01.03.15,"Quinlan, Joshua A.; 
Neath, Ian; 
Surprenant, Aimée M."
Working memory and interference control in children with specific language impairment.,10.1111/lnc3.12189,01.05.16,"Marton, Klara; 
Eichorn, Naomi; 
Campanelli, Luca; 
Zakarias, Lilla"
Invalid retro-cues can eliminate the retro-cue benefit: Evidence for a hybridized account.,10.1037/a0037474,01.10.14,"Gözenman, Filiz; 
Tanoue, Ryan T.; 
Metoyer, Terina; 
Berryhill, Marian E."
Developmental change in working memory strategies: From passive maintenance to active refreshing.,10.1037/a0023193,01.05.11,"Camos, Valérie; 
Barrouillet, Pierre"
"Processes of memory loss, recovery, and distortion.",10.1037/0033-295x.104.1.148,01.01.97,"Estes, W. K."
Loss of visual working memory within seconds: The combined use of refreshable and non-refreshable features.,10.1037/a0020356,01.11.10,"Ricker, Timothy J.; 
Cowan, Nelson"
Information persistence in short-term memory.,10.1037/h0035512,01.09.73,"Shiffrin, Richard M."
Tone series and the nature of working memory capacity development.,10.1037/dev0000466.supp,01.04.18,"Clark, Katherine M.; 
Hardman, Kyle O.; 
Schachtman, Todd R;, 
Saults, J. Scott; 
Glass, Bret A.; 
Cowan, Nelson"
No recovery of memory when cognitive load is decreased.,10.1037/xlm0000084,01.05.15,"Ricker, Timothy J.; 
Vergauwe, Evie; 
Hinrichs, Garrett A.; 
Blume, Christopher L.; 
Cowan, Nelson"
Implicit and explicit knowledge decay at different rates: A dissociation between priming and recognition in artificial grammar learning.,10.1027//1618-3169.50.2.124,01.01.03,"Tunney, Richard J."
Retention characteristics of different reproduction cues in motor short-term memory,10.1037/h0035502,01.09.73,"Laabs, Gerald J."
On Common Ground: Jost's (1897) Law of Forgetting and Ribot's (1881) Law of Retrograde Amnesia.,10.1037/0033-295X.111.4.864,01.10.04,"Wixted, John T."
Award for Distinguished Scientific Early Career Contributions to Psychology: Timothy F. Brady Citation,10.1073/pnas.0803390105,01.12.20,0
"Forgetting in immediate serial recall: Decay, temporal distinctiveness, or interference?",10.1037/0033-295X.115.3.544,01.07.08,"Oberauer, Klaus; 
Lewandowsky, Stephan"
Forgetting from working memory: Does novelty encoding matter?,10.1037/a0028475,01.01.13,"Plancher, G.;
Barrouillet, P."
Rapid forgetting results from competition over time between items in visual working memory.,10.1037/xlm0000328,01.04.17,"Pertzov, Yoni; 
Manohar, Sanjay; 
Husain, Masud"
Decay of acoustic proactive facilitation.,10.1037/h0033483,01.01.72,"Cermak, Laird S.;
Sampson, James B."
Turning simple span into complex span: Time for decay or interference from distractors?,10.1037/a0019764,01.07.10,"Lewandowsky, Stephan; 
Geiger, Sonja M.; 
Morrell, Daniel B.; 
Oberauer, Klaus"
"Determinants of short-term forgetting: Decay, retroactive interference, or proactive interference?",10.1080/002075999399585,01.10.99,"Tolan, Georgina Anne; 
Tehan, Gerald"
Rapid forgetting prevented by retrospective attention cues.,10.1037/a0030947,01.10.13,"Pertzov, Yoni; 
Bays, Paul M.; 
Joseph, Sabine; 
Husain, Masud"
The decay theory of immediate memory and paced recall.,10.1037/h0083723,01.01.58,"Conrad, R.;
Hille, Barbara A."
Interference within the focus of attention: Working memory tasks reflect more than temporary maintenance.,10.1037/a0028467,01.01.13,"Shipstead, Zach; 
Engle, Randall W."
When does length cause the word length effect?,10.1037/a0021804,01.03.11,"Jalbert, Annie; 
Neath, Ian; 
Bireta, Tamra J.; 
Surprenant, Aimée M."
Quantifying the selective forgetting and integration of ideas in science and technology.,10.1037/amp0000863,01.09.21,"Candia, Cristian; 
Uzzi, Brian"
Decision and decay processes in the short-term memory for length.,10.1037/h0028144,01.01.69,"Blick, Katharine I. "
"Confidence, not consistency, characterizes flashbulb memories.",10.1111/1467-9280.02453,01.09.03,"Talarico, Jennifer M.; 
Rubin, David C."
Time Constraints and Resource Sharing in Adults' Working Memory Spans.,10.1037/0096-3445.133.1.83,01.03.04,"Barrouillet, Pierre; 
Bernardin, Sophie; 
Camos, Valérie"
The effect of lexical factors on recall from working memory: Generalizing the neighborhood size effect.,10.1037/cep0000098,01.03.17,"Derraugh, Lesley S.; 
Neath, Ian; 
Surprenant, Aimée M.; 
Beaudry, Olivia; 
Saint-Aubin, Jean"
Visual short-term memory: A methodological caveat.,https://www.proquest.com/scholarly-journals/visual-short-term-memory-methodological-caveat/docview/1289983988/se-2,01.01.74,"Pavio, Allan; Bleasdale, Fraser"
Short-term implicit memory for words and nonwords.,10.1037/0278-7393.21.5.1108,01.01.95,"McKone, Elinor"
Orienting attention in visual working memory reduces interference from memory probes.,10.1037/0278-7393.34.2.369,01.03.08,"Makovski, Tal;
Sussman, Rachel; 
Jiang, Yuhong V."
Novel models of intertemporal valuation: Past and future outcomes.,10.1037/a0017571,01.11.09,"Yi, Richard; 
Landes, Reid D.; 
Bickel, Warren K."
Retention of visual and name codes of single letters,10.1037/h0026947,01.01.69,"Posner, M. I.; Boies, S. J.; Eichelman, W. H.; Taylor, R. L. "
Exponential decay and independence from irrelevant associations in short-term recognition memory for serial order.,http://www.columbia.edu/~nvg1/Wickelgren/papers/1967aWAW.pdf,01.01.67,"Wickelgren, Wayne A."
What I Was Doing Versus What I Did Verb Aspect Influences Memory and Future Actions,https://www.jstor.org/stable/40065059,01.02.09,"Hart, William; Albarracín, Dolores"
What Kind of Memory Supports Visual Marking?,10.1037/0096-1523.30.1.79,01.02.04,"Jiang, Yuhong;
Wang, Stephanie W."
Taking a computational approach to aging: The SPAN theory of working memory.,10.1037//0882-7974.13.2.309,01.06.98,"Byrne, Michael D."
Not being there: An analysis of expertise‚Äêinduced amnesia.,10.1111/mila.12260,01.11.20,"Høffding, Simon; 
Montero, Barbara Gail"
Storage and decay characteristics of nonattended auditory stimuli,10.1037/h0048460,01.07.64,"Eriksen, Charles W;
Johnson, Harold J."
Rehearsal and decay in immediate recall of visually and aurally presented items.,10.1037/h0082923,01.01.66,"Corballis, M. C."
Stimulus and response repetition effects in retrieval from short-term memory. Trace decay and memory search.,10.1037/h0034398,01.01.73,"Smith, Edward E.;
Smith, Peter G.; Chase, William G."
Failing to recall: Examining the effects of trace decay and interference on memory for campaign information.,10.1111/pops.12002,01.06.13,"Miller, Beth"
Memories of learning the news of the 2016 U.S. presidential election results.,10.1037/cns0000201,01.12.19,"Krackow, Elisa; 
Deming, Emily; 
Longo, Alyssa; 
DiSciullo, Victoria"
Persistence of negative priming: Steady state or decay?,10.1037/0278-7393.18.3.565,01.05.92,"Neill, W. Trammell; 
Valdes, Leslie A."
Learning and memory performance in breast cancer survivors 2 to 6 years post-treatment: The role of encoding versus forgetting.,10.1007/s11764-015-0505-4,01.06.16,"Root, James C.; 
Andreotti, Charissa; 
Tsu, Loretta; 
Ellmore, Timothy M.; 
Ahles, Tim A."
Multirate forgetting.,10.1037/0278-7393.5.2.98,01.03.79,"Jones, Gregory V."
Integration of Serial Sensory Information in Haptic Perception of Softness,10.1037/xhp0000466,01.04.18,"Metzger, Anna;
Lezkan, Alexandra;
Drewing, Knut"
Factors in motor short-term memory: The interference effect of interpolated activity.,10.1037/h0033505,01.11.72,"Roy, Eric A.; 
Davenport, William G."
"Presentation rate, repetition, and organization in auditory short-term memory",https://www.proquest.com/scholarly-journals/presentation-rate-repetition-organization/docview/1290033712/se-2?accountid=14796,01.01.65,"Mackworth, Jane F."
Psychophysiological responses of junior orienteers under competitive pressure.,10.1371/journal.pone.0196273,26.04.18,"Robazza, Claudio; 
Izzicupo, Pascal; 
D'Amico, Maria Angela; 
Ghinassi, Barbara; 
Crippa, Maria Chiara; 
Di Cecco, Vincenzo; 
Ruiz, Montse C.; 
Bortoli, Laura; 
Di Baldassarre, Angela"
Infant visual recognition memory.,10.1016/j.dr.2003.09.004,01.03.04,"Rose, Susan A.;
Feldman, Judith F.; 
Jankowski, Jeffrey J."
Persistence of negative priming: II. Evidence for episodic trace retrieval.,10.1037/0278-7393.18.5.993,01.09.92,"Neill, W. Trammell; 
Valdes, Leslie A.; 
Terry, Kathleen M.; 
Gorfein, David S."
Decay theory of immediate memory: From Brown (1958) to today (2014).,10.1080/17470218.2014.914546,01.10.16,"Ricker, Timothy J.; 
Vergauwe, Evie; 
Cowan, Nelson"
Therapy of short-term memory disorders in fluent aphasia: A single case study.,10.1080/02687030600670593,01.05.07,"Koenig-Bruhin, Monica; 
Studer-Eichenberger, Felix"
On the time course of perceptual information that results from a brief visual presentation.,10.1037/0096-1523.18.2.530,01.05.92,"Loftus, Geoffrey R., 
Duncan; Janine, 
Gehrig, Paul"
The impact of recent and long-term experience on access to word meanings: Evidence from large-scale internet-based experiments.,10.1016/j.jml.2015.10.006,01.04.16,"Rodd, Jennifer M.; 
Cai, Zhenguang G.; 
Betts, Hannah N.; 
Hanby, Betsy; 
Hutchinson, Catherine; 
Adler, Aviva"
Sex differences in the refractory period of the 100 ms auditory evoked magnetic field,10.1097/00001756-199911080-00013,01.11.99,"Lippincott,
Williams; Wilkins,
Donald C.; Rojas,
Peter C. J.; Teale,
Jeanelle; Sheeder,
Martin Reite"
Disruption of learning and long-term retention of prose passages in patients with focal epilepsy.,10.1016/j.yebeh.2015.06.016,01.10.15,"Ricci, Monica; 
Mohamed, Armin; 
Savage, Greg; 
Miller, Laurie A."
Long-term semantic priming: A computational account and empirical evidence.,https://www.cmu.edu/dietrich/behrmannlab/Publications/67324eaff3293f4816828749ca7f58a809d7.pdf,01.09.97,"Becker, Suzanna; 
Moscovitch, Morris; 
Behrmann, Marlene; 
Joordens, Steve"
"A memory-based, Simon-like, spatial congruence effect: Evidence for persisting spatial codes.",10.1080/02724980343000404,01.04.04,"Zhang, John X.; 
Johnson, Marcia K."
Role of central monitoring of efference in short-term memory for movements.,10.1037/h0035674,01.01.74,"Jones, Bill"
Multiple-object tracking: Enhanced visuospatial representations as a result of experience.,10.1027/1618-3169/a000026,01.01.10,"Barker, Kathryn; 
Allen, Roy; 
McGeorge, Peter"
Repetition of semantic comparisons: Temporary and persistent priming effects.,10.1037/0278-7393.16.3.392,01.05.90,"Woltz, Dan J."
Effects of formal interitem similarity and length of retention interval on proactive inhibition of short-term memory.,10.1037/h0025059,01.11.67,"Wright, John H."
"Continuity: Knowing each other, emotional closeness, and appearing together in dreams.",10.1037/drm0000038,01.12.16,"Han, Hye Joo; 
Schweickert, Richard"
Presentation rate and intralist repetition effects in immediate probe recall.,10.1037/h0036360,01.01.74,"Burns, David V."
Prior positioning responses as a factor in short-term retention of a simple motor task.,10.1037/h0027913,01.01.69,"Stelmach, George E. "
E ffects of sleep onset on the mismatch negativity (MMN) to frequency deviants using a rapid rate of presentation,10.1016/s0926-6410(03)00090-9,01.06.03,"Merav, Sabri;
Sophie, Labelle;
Anik, Gosselin;
Kenneth B, Campbell"
PHONEMIC SIMILARITY AND INTERFERENCE IN SHORT-TERM MEMORY FOR SINGLE LETTERS 1,10.1037/h0022998,01.01.66,"Wickelgren, Wayne A. "
Evaluating forgetting curves.,10.1037/0278-7393.11.2.397,01.04.85,"Loftus, Geoffrey R."
Effects of sequential and temporal probability of deviant occurrence 1 on mismatch negativity,10.1016/s0926-6410(01)00026-x,01.08.01,"Merav, Sabri;
Kenneth, B. Campbell"
There Are Two Word-Length Effects in Verbal Short-Term Memory: Opposed Effects of Duration and Complexity,https://www.jstor.org/stable/40063195,01.07.97,"Cowan, Nelson;
Wood, Noelle L.;
Nugent, Lara D.;
Treisman, Michel"
Differences between presentation methods in working memory procedures: A matter of working memory consolidation.,10.1037/a0O34301,01.03.14,"Ricker, Timothy J.; 
Cowan, Nelson"
The effect of display time upon the recall of digits.,10.1037/h0083241,01.01.62,"Mackworth, Jane F."
Revisiting the time course of inter-trial feature priming in singleton search.,10.1007/s00426-012-0455-7,01.09.13,"Thomson, David R.; 
Milliken, Bruce"
The word-length effect and disyllabic words.,10.1080/713755877,01.02.00,"Lovatt, Peter; 
Avons, S. E.; 
Masterson, Jackie"
Alternation frequency thresholds for stereopsis as a technique for exploring stereoscopic difficulties.,10.1068/i0398,30.03.11,"Rychkova, Svetlana; 
Ninio, Jacques"
"'Iconic Memory,"" Location Information, and the Bar-Probe Task: A Reply to Chow (1986)",10.1037/0096-1523.14.4.729,01.01.88,"Mewhort, D. J. K.;
Butler, B. E.; 
Feldman-Stewart, D.;
Trainer, Sara"
Meaningfulness and abstractness in short-term memory.,10.1037/h0025291,01.01.68,"Borkowski, John G.;
Eisner, Howard C."
The effects of intervening interference on working memory for sound location as a function of inter-comparison interval.,10.1016/j.heares.2010.06.004,01.09.10,"Ries, Dennis T.; 
Hamilton, Traci R.; 
Grossmann, Aurora J."
The primacy model: A new model of immediate serial recall.,10.1037/0033-295x.105.4.761-781,01.10.98,"Page, Michael P. A.; 
Norris, Dennis"
PERSISTENCE OF INDUCED OPINION CHANGE AND RETENTION OF THE INDUCING MESSAGE CONTENTS *,10.1037/h0041081,01.01.64,"Watts, William A.;
Mcguire, William J."
Forgetting of foreign‚Äêlanguage skills: A corpus‚Äêbased analysis of online tutoring software.,10.1111/cogs.12385,01.05.17,"Ridgeway, Karl;
Mozer, Michael C.; 
Bowles, Anita R."
"Truth-tellers stand the test of time and contradict evidence less than liars, even months after a crime.",10.1037/lhb0000278.supp,01.04.18,"Sukumar, Divya; 
Wade, Kimberley A.; 
Hodgson, Jacqueline S."
Intralist interference and rehearsal time in short-term memory.,10.1037/h0082952,01.01.66,"Murray, D. J. "
Interference in visual working memory.,10.1080/713755873,01.02.00,"McConnell, Jean; 
Quinn, J. G."
"Presentation matters: Comparison of cognitive effects of DTC prescription drug advergames, websites, and print ads.",10.1080/00913367.2014.1003666,01.10.15,"Huh, Jisu; 
Suzuki-Lambrecht, Yoshikazu; 
Lueck, Jennifer; 
Gross, Michelle"
A pattern-recognition theory of search in expert problem solving.,10.1080/135467897394301,01.01.97,"Gobet, Fernand"
Proprioception and the timing of motor responses.,10.1037/h0031810,01.12.71,"Schmidt, Richard A."
On the role of processing requirements in short-term memory.,10.1037/0278-7393.2.3.234,01.05.76,"Bird, Charles P."
Item versus associative information: Further comparisons of forgetting rates.,10.1037/0278-7393.18.6.1321,01.11.92,"Hockley, William E."
Linear versus hierarchical agreement feature processing in comprehension.,10.1023/A:1005128624716,01.01.00,"Pearlmutter, Neal J."
The spaced-practice effect in the distractor paradigm is related to proactive interference but not to short-term store.,10.1037/0278-7393.2.2.128,01.03.76,"Pollatsek, Alexander; 
Bettencourt, Harold O."
An improved model of tonality perception incorporating pitch salience and echoic memory,10.1037/h0094110,01.10.93,"Huron, David;
Grebel,Conrad; Parncutt, Richard"
"Forgetting of what was once learned: Exploring the role of postsynaptic ionotropic glutamate receptors on memory formation, maintenance, and decay.",10.1016/j.neuropharm.2016.07.015,01.01.17,"Sachser, Ricardo; Marcelo, 
Haubrich; Josué, 
Lunardi; Paula Santana; 
de Oliveira Alvares, Lucas"
Short term memory bowing effect is consistent with presentation rate dependent decay.,10.1007/s11571-010-9131-z,01.12.10,"Tarnow, Eugen"
Drift in neural population activity causes working memory to deteriorate over time.,10.1523/JNEUROSCI.3440-17.2018,23.05.18,"Schneegans, Sebastian;
Bays, Paul M."
Time manages interference in visual short-term memory.,10.1080/09658211.2016.1270967,01.09.17,"Smith, Amy V.; 
McKeown, Denis; 
Bunce, David"
"Time-based forgetting in visual working memory reflects temporal distinctiveness, not decay.",10.3758/s13423-014-0652-z,01.02.15,"Souza, Alessandra S.;
Oberauer, Klaus"
Aging memories: Differential decay of episodic memory components.,10.1101/lm.024281.111,01.06.12,"Talamini, Lucia M.; 
Gorree, Eva"
What to choose next? A paradigm for testing human sequential decision making.,10.3389/fpsyg.2017.00312,07.03.17,"Tartaglia, Elisa M.; 
Clarke, Aaron M.; 
Herzog, Michael H."
Morphological coding in short-term memory.,10.2466/pr0.1966.18.2.487,01.01.66,"Schwartz, Fred"
In search of the focus of attention in working memory: 13 years of the retro-cue effect.,10.3758/s13414-016-1108-5,01.10.16,"Souza, Alessandra S.; 
Oberauer, Klaus"
Interpolated activity in short-term motor memory,10.2466/pms.1970.30.1.231,01.01.70,"Stelmach, George E.
Barber, Julie L."
Probing the causal involvement of dlPFC in directed forgetting using rTMS‚ÄîA replication study.,10.1371/journal.pone.0236287,12.08.20,"Stauch, Benjamin J.; 
Braun, Verena; 
Hanslmayr, Simon"
"Decision reinvestment, pattern recall and decision making in rugby union.",10.1016/j.psychsport.2019.03.002,01.07.19,"Sherwood, Sebastian M.; 
Smith, Tiaki B.; 
Masters, Rich S. W."
When learning disturbs memory‚ÄîTemporal profile of retroactive interference of learning on memory formation.,10.3389/fpsyg.2018.00082,16.02.18,"Sosic-Vasic, Zrinka; 
Hille, Katrin; 
Kröner, Julia; 
Spitzer, Manfred; 
Kornmeier, Jürgen"
Short-Term Recognition Memory,10.2466/pr0.1966.18.2.493,01.01.66,"Schwartz, Fred;  Perkins, Particia M."
"Towards an integrative model of visual short-term memory maintenance: Evidence from the effects of attentional control, load, decay, and their interactions in childhood.",10.1016/j.cognition.2017.08.005,01.12.17,"Shimi, Andria; 
Scerif, Gaia"
Exploring laterality and memory effects in the haptic discrimination of verbal and non-verbal shapes.,10.1080/1357650X.2018.1450881,01.11.18,"Stoycheva, Polina; 
Tiippana, Kaisa"
The temporal placement of interpolated movements in short-term motor memory.,10.1080/00222895.1973.10734961,01.09.73,"Stelmach, George E.; 
Walsh, Michael F."
Short-term visual memory for contour curvature in a delayed discrimination task.,10.1111/1468-5884.t01-1-00040,01.01.03,"Sakai, Koji"
Autobiographical and Event Memory for 9/11: Changes Across One Year.,10.1002/acp.985,01.01.03,"Tekcan, Ali I.; Ece, Berivan, Ece; Gülgöz, Sami; Er, Nuhan"
Word length effects in long-term memory.,10.1016/j.jml.2006.08.015,01.01.07,"Tehan, Gerald; 
Tolan, Georgina Anne"
The evolution of accelerated long-term forgetting: Evidence from the TIME study.,10.1016/j.cortex.2017.09.007,01.01.19,"Savage, S.; Hoefeijzers, S.; Milton, F.; Streatfield, C.; Dewar, M.;  Zeman, A. "
"Confidence, not consistency, characterizes flashbulb memories.",10.1111/1467-9280.02453,01.09.03,"Talarico, Jennifer M.; 
Rubin, David C."
There is no capacity limited buffer in the Murdock (1962) free recall data.,10.1007/s11571-010-9108-y,01.12.10,"Tarnow, Eugen"
Forgetting patterns differentiate between two forms of memory representation.,10.1177/0956797616638307,01.06.16,"Sadeh, Talya; 
Ozubko, Jason D.; 
Winocur, Gordon; 
Moscovitch, Morris"
How we forget may depend on how we remember.,10.1016/j.tics.2013.10.008,01.01.14,"Sadeh, Talya; 
Ozubko, Jason D.; 
Winocur, Gordon; 
Moscovitch, Morris"
Short-term retention of tactile stimulation.,10.1080/14640747208400278,01.08.72,"Sullivan, Edith V.; 
Turvey, M. T."
Visuospatial working memory abilities and spontaneous sensations perception.,10.1080/08990220.2021.1914018,01.09.21,"Salgues, Sara; 
Plancher, Gaën; 
Michael, George A."
An account of interference in associative memory: Learning the fan effect.,10.1111/tops.12244,01.01.17,"Thomson, Robert; 
Harrison, Anthony M.; 
Trafton, J. Gregory; 
Hiatt, Laura M."
Long term retention of saccadic adaptation is induced by a dark environmental context.,10.1016/j.brainres.2012.10.018,13.12.12,"Wang, Jing; 
Xia, Ruobing; 
Zhang, Mingsha; 
Pan, Yujun"
Phonetic Interference and Motor Recall,10.1044/jshr.1503.528,01.09.72,"Winitz, Harris;
Bellerose, Betty"
Sequential effects in two-choice reaction time: Subjective expectancy and automatic after- effect at short response-stimulus intervals,10.1016/0001-6918(80)90066-9,01.03.80,"Vervaeck, Karel R.;
Boer, Louis C."
Running memory span: A comparison of behavioral capacity limits with those of an attractor neural network.,10.1016/j.cogsys.2008.09.001,01.06.09,"Weems, Scott A.;
Winder, Ransom K.; 
Bunting, Michael; 
Reggia, James A."
The time course of spatial memory distortions.,10.3758/bf03196428,01.07.02,"Werner, Steffen; 
Diedrichsen, Jörn"
Influencing consumer choice: Short and medium term effect of country of origin information on wine choice.,10.1016/j.foodqual.2016.02.018,01.07.16,"Williamson, Patricia O.; 
Lockshin, Larry; 
Francis, I. Leigh; 
Mueller Loose, Simone"
Effects of retention intervals on receiver operating characteristics in artificial grammar learning.,10.1016/j.actpsy.2006.06.002,01.05.07,"Tunney, Richard J.; 
Bezzina, Gilbert"
Immediacy bias in emotion perception: Current emotions seem more intense than previous emotions.,10.1037/a0016074,01.08.09,"Van Boven, Leaf; 
White, Katherine; 
Huber, Michaela"
Perceptual distinctiveness produces long-lasting priming of pop-out.,10.3758/s13423-011-0199-1,01.04.12,"Thomson, David R.; 
Milliken, Bruce"
A memory for goals model of sequence errors.,10.1016/j.cogsys.2010.07.010,01.06.11,"Trafton, J. Gregory; 
Altmann, Erik M.; 
Ratwani, Raj M."
Temporal capacity of short-term visuomotor memory in continuous force production.,10.1007/s00221-002-1081-1,01.08.02,"Vaillancourt, David E.; 
Russell, Daniel M."
Revisiting the time course of inter-trial feature priming in singleton search.,10.1007/s00426-012-0455-7,01.09.13,"Thomson, David R.; 
Milliken, Bruce"
"Memory for eye gaze: Accuracy, bias, and the role of facial emotion.",10.1521/soco.2013.31.6.686,01.12.13,"Weisbuch, Max; 
Lamer, Sarah A.; 
Ford, Brett Q."
Long-term memory for 400 pictures on a common theme.,10.1027/1618-3169.54.4.298,01.01.07,"Vogt, Stine; 
Magnussen, Svein"
A direct comparison of short-term audiomotor and visuomotor memory.,10.1123/mc.2012-0092,01.04.14,"Ward, Amanda M.; 
Loucks, Torrey M.; 
Ofori, Edward; 
Sosnoff, Jacob J."
The time course of hemispheric differences in categorical and coordinate spatial processing.,10.1016/j.neuropsychologia.2007.03.021,01.01.07,"van der Ham, Ineke J. M.; 
van Wezel, Richard J. A.; 
Oleksiak, Anna; 
Postma, Albert"
Suffix effects manifest and concealed: Further evidence for a 20-second echo.,10.1016/S0022-5371(80)90512-5,01.02.80,"Watkins, Michael J.; 
Todres, Amy K."
Decay of repetition priming effects and its relation to retention from text processing: A study of forgetting.,10.1016/1041-6080(90)90024-B,01.06.90,"Woltz, Dan J."
Limitations for change detection in multiple Gabor targets.,10.1080/135062800394784,01.01.00,"Wright, Michael; 
Green, Alison; 
Baker, Stephen"
Fast but fleeting: Adaptive motor learning processes associated with aging and cognitive decline.,10.1523/JNEUROSCI.1489-14.2014,01.10.14,"Trewartha, Kevin M.; 
Garcia, Angeles; 
Wolpert, Daniel M.; 
Flanagan, J. Randall"
Overcoming residual interference in mental set switching: Neural correlates and developmental trajectory.,10.1016/j.neuroimage.2012.05.007,01.09.12,"Witt, Suzanne T.; 
Stevens, Michael C."
What works in auditory working memory? A neural oscillations perspective.,10.1016/j.brainres.2015.10.054,01.06.16,"Wilsch, Anna; 
Obleser, Jonas"
Changing behavior by memory aids: A social psychological model of prospective memory and habit development tested with dynamic field data.,10.1037/a0015512,01.04.09,"Tobias, Robert"
Memory for events after twenty years.,10.1002/acp.819,01.07.02,"White, Richard"
Sentence memory: Recognition and inferences.,10.1037/0278-7393.1.6.720,01.11.75,"Tzeng, Ovid J."
Memory interference as a determinant of language comprehension.,10.1002/lnc3.330,01.04.12,"Van Dyke, Julie A.; 
Johns, Clinton L."
A self-organizing incremental spatiotemporal associative memory networks model for problems with hidden state.,10.1155/2016/7158507,01.01.16,"Wang, Zuo-wei"
Perception of nonadjacent tonic-key relationships.,10.1177/0305735615593409,01.07.16,"Woolhouse, Matthew;, 
Cross, Ian; 
Horton, Timothy"
For whom the bell tolls: Periodic reactivation of sensory cortex in the gamma band as a substrate of visual working memory maintenance.,10.3389/fnhum.2014.00696,04.09.14,"Van Vugt, Marieke, Karlijn; 
Chakravarthi, Ramakrishna; 
Lachaux, Jean-Philippe"
Neuropsychological evidence of visual storage in short-term memory tasks.,10.1080/14640747208400265,01.02.72,"Warrington, Elizabeth K.; 
Shallice, T."
The effect of sleep before or after learning on memory.,10.1093/sleep/7.2.155,01.06.84,"Grosvenor, Andrea; 
Lack, Leon C."
Backward masking and asymmetry of processing for vowels differing in acoustical similarity.,10.1080/14640747808400653,01.02.78,"Allen, John; 
Haggard, Mark"
Decay and interference effects in the short-term retention of a discrete motor act.,10.1037/h0028572,01.01.70,"Pepper, Ross L.;
Herman, Louis M."
Auditory memory and age-related differences in two-tone frequency discrimination: Trace decay and interference.,10.1080/03610738908259757,01.03.89,"Raz, Naftali; 
Millman, Daryl; 
Moberg, Paul J."
Time and the dream.,10.1080/15294145.2020.1835527,01.05.20,"Brown, Jason W."
Decay and interference effects in visuospatial short-term memory.,10.1068/p250053,01.01.96,"Hole, Graham J."
Decay happens: The role of active forgetting in memory.,10.1016/j.tics.2013.01.001,01.03.13,"Hardt, Oliver; 
Nader, Karim; 
Nadel, Lynn"
Mismatch negativity and auditory sensory memory evaluation: a new faster paradigm,10.1097/00001756-199808030-00005,01.08.98,"Grau, C.; Escera, C.; Yago, E.; Polo, M. D."
People are better at maintaining positive than negative emotional states.,10.1037/emo0000430.supp,01.02.19,"Waugh, Christian E.; 
Running, Kristin E.; 
Reynolds, Olivia C.; 
Gotlib, Ian H."
"How did you hear the news? The role of traditional media, social media, and personal communication in flashbulb memory.",10.1177/1750698017714835,01.08.19,"Talarico, Jennifer M.; 
Kraha, Amanda; 
Self, Heather; 
Boals, Adriel"
Words in a sentence become less accessible when an anaphor is resolved.,10.3758/BF03194930,01.03.01,"Nordlie, Johanna; 
Dopkins, Stephen; 
Johnson, Marnie"